<annotation>
	<folder>images</folder>
	<filename>GOPR1083.JPG</filename>
	<path>D:\sync\TicTacToe\images\GOPR1083.JPG</path>
	<source>
		<database>Unknown</database>
	</source>
	<size>
		<width>4000</width>
		<height>3000</height>
		<depth>3</depth>
	</size>
	<segmented>0</segmented>
	<object>
		<name>speeldveld</name>
		<pose>Unspecified</pose>
		<truncated>0</truncated>
		<difficult>0</difficult>
		<bndbox>
			<xmin>379</xmin>
			<ymin>497</ymin>
			<xmax>1695</xmax>
			<ymax>1350</ymax>
		</bndbox>
	</object>
	<object>
		<name>speeldveld</name>
		<pose>Unspecified</pose>
		<truncated>0</truncated>
		<difficult>0</difficult>
		<bndbox>
			<xmin>513</xmin>
			<ymin>1478</ymin>
			<xmax>1857</xmax>
			<ymax>2850</ymax>
		</bndbox>
	</object>
	<object>
		<name>speeldveld</name>
		<pose>Unspecified</pose>
		<truncated>0</truncated>
		<difficult>0</difficult>
		<bndbox>
			<xmin>2085</xmin>
			<ymin>1878</ymin>
			<xmax>3141</xmax>
			<ymax>2928</ymax>
		</bndbox>
	</object>
	<object>
		<name>speeldveld</name>
		<pose>Unspecified</pose>
		<truncated>0</truncated>
		<difficult>0</difficult>
		<bndbox>
			<xmin>1832</xmin>
			<ymin>387</ymin>
			<xmax>2851</xmax>
			<ymax>1537</ymax>
		</bndbox>
	</object>
	<object>
		<name>speeldveld</name>
		<pose>Unspecified</pose>
		<truncated>0</truncated>
		<difficult>0</difficult>
		<bndbox>
			<xmin>2901</xmin>
			<ymin>437</ymin>
			<xmax>3791</xmax>
			<ymax>1294</ymax>
		</bndbox>
	</object>
	<object>
		<name>speeldveld</name>
		<pose>Unspecified</pose>
		<truncated>0</truncated>
		<difficult>0</difficult>
		<bndbox>
			<xmin>3213</xmin>
			<ymin>1884</ymin>
			<xmax>3948</xmax>
			<ymax>2797</ymax>
		</bndbox>
	</object>
</annotation>
