<annotation>
	<folder>images</folder>
	<filename>GOPR1085.JPG</filename>
	<path>D:\sync\TicTacToe\images\GOPR1085.JPG</path>
	<source>
		<database>Unknown</database>
	</source>
	<size>
		<width>4000</width>
		<height>3000</height>
		<depth>3</depth>
	</size>
	<segmented>0</segmented>
	<object>
		<name>speeldveld</name>
		<pose>Unspecified</pose>
		<truncated>0</truncated>
		<difficult>0</difficult>
		<bndbox>
			<xmin>1323</xmin>
			<ymin>294</ymin>
			<xmax>3385</xmax>
			<ymax>2447</ymax>
		</bndbox>
	</object>
</annotation>
