<annotation>
	<folder>images</folder>
	<filename>GOPR1077.JPG</filename>
	<path>D:\sync\TicTacToe\images\GOPR1077.JPG</path>
	<source>
		<database>Unknown</database>
	</source>
	<size>
		<width>4000</width>
		<height>3000</height>
		<depth>3</depth>
	</size>
	<segmented>0</segmented>
	<object>
		<name>circle</name>
		<pose>Unspecified</pose>
		<truncated>0</truncated>
		<difficult>0</difficult>
		<bndbox>
			<xmin>198</xmin>
			<ymin>472</ymin>
			<xmax>829</xmax>
			<ymax>822</ymax>
		</bndbox>
	</object>
	<object>
		<name>circle</name>
		<pose>Unspecified</pose>
		<truncated>0</truncated>
		<difficult>0</difficult>
		<bndbox>
			<xmin>885</xmin>
			<ymin>516</ymin>
			<xmax>1507</xmax>
			<ymax>834</ymax>
		</bndbox>
	</object>
	<object>
		<name>circle</name>
		<pose>Unspecified</pose>
		<truncated>0</truncated>
		<difficult>0</difficult>
		<bndbox>
			<xmin>1513</xmin>
			<ymin>562</ymin>
			<xmax>1970</xmax>
			<ymax>825</ymax>
		</bndbox>
	</object>
	<object>
		<name>circle</name>
		<pose>Unspecified</pose>
		<truncated>0</truncated>
		<difficult>0</difficult>
		<bndbox>
			<xmin>2070</xmin>
			<ymin>519</ymin>
			<xmax>2541</xmax>
			<ymax>775</ymax>
		</bndbox>
	</object>
	<object>
		<name>circle</name>
		<pose>Unspecified</pose>
		<truncated>0</truncated>
		<difficult>0</difficult>
		<bndbox>
			<xmin>2607</xmin>
			<ymin>462</ymin>
			<xmax>3045</xmax>
			<ymax>753</ymax>
		</bndbox>
	</object>
	<object>
		<name>circle</name>
		<pose>Unspecified</pose>
		<truncated>0</truncated>
		<difficult>0</difficult>
		<bndbox>
			<xmin>3151</xmin>
			<ymin>572</ymin>
			<xmax>3470</xmax>
			<ymax>803</ymax>
		</bndbox>
	</object>
	<object>
		<name>circle</name>
		<pose>Unspecified</pose>
		<truncated>0</truncated>
		<difficult>0</difficult>
		<bndbox>
			<xmin>3279</xmin>
			<ymin>1022</ymin>
			<xmax>3563</xmax>
			<ymax>1237</ymax>
		</bndbox>
	</object>
	<object>
		<name>circle</name>
		<pose>Unspecified</pose>
		<truncated>0</truncated>
		<difficult>0</difficult>
		<bndbox>
			<xmin>2760</xmin>
			<ymin>819</ymin>
			<xmax>3179</xmax>
			<ymax>1131</ymax>
		</bndbox>
	</object>
	<object>
		<name>circle</name>
		<pose>Unspecified</pose>
		<truncated>0</truncated>
		<difficult>0</difficult>
		<bndbox>
			<xmin>2110</xmin>
			<ymin>806</ymin>
			<xmax>2620</xmax>
			<ymax>1156</ymax>
		</bndbox>
	</object>
	<object>
		<name>circle</name>
		<pose>Unspecified</pose>
		<truncated>0</truncated>
		<difficult>0</difficult>
		<bndbox>
			<xmin>1641</xmin>
			<ymin>906</ymin>
			<xmax>2104</xmax>
			<ymax>1237</ymax>
		</bndbox>
	</object>
	<object>
		<name>circle</name>
		<pose>Unspecified</pose>
		<truncated>0</truncated>
		<difficult>0</difficult>
		<bndbox>
			<xmin>988</xmin>
			<ymin>909</ymin>
			<xmax>1585</xmax>
			<ymax>1237</ymax>
		</bndbox>
	</object>
	<object>
		<name>circle</name>
		<pose>Unspecified</pose>
		<truncated>0</truncated>
		<difficult>0</difficult>
		<bndbox>
			<xmin>191</xmin>
			<ymin>903</ymin>
			<xmax>820</xmax>
			<ymax>1294</ymax>
		</bndbox>
	</object>
	<object>
		<name>circle</name>
		<pose>Unspecified</pose>
		<truncated>0</truncated>
		<difficult>0</difficult>
		<bndbox>
			<xmin>223</xmin>
			<ymin>1344</ymin>
			<xmax>838</xmax>
			<ymax>1778</ymax>
		</bndbox>
	</object>
	<object>
		<name>circle</name>
		<pose>Unspecified</pose>
		<truncated>0</truncated>
		<difficult>0</difficult>
		<bndbox>
			<xmin>148</xmin>
			<ymin>1828</ymin>
			<xmax>816</xmax>
			<ymax>2244</ymax>
		</bndbox>
	</object>
	<object>
		<name>circle</name>
		<pose>Unspecified</pose>
		<truncated>0</truncated>
		<difficult>0</difficult>
		<bndbox>
			<xmin>185</xmin>
			<ymin>2369</ymin>
			<xmax>870</xmax>
			<ymax>2850</ymax>
		</bndbox>
	</object>
	<object>
		<name>circle</name>
		<pose>Unspecified</pose>
		<truncated>0</truncated>
		<difficult>0</difficult>
		<bndbox>
			<xmin>1016</xmin>
			<ymin>1297</ymin>
			<xmax>1526</xmax>
			<ymax>1697</ymax>
		</bndbox>
	</object>
	<object>
		<name>circle</name>
		<pose>Unspecified</pose>
		<truncated>0</truncated>
		<difficult>0</difficult>
		<bndbox>
			<xmin>1123</xmin>
			<ymin>1737</ymin>
			<xmax>1579</xmax>
			<ymax>2119</ymax>
		</bndbox>
	</object>
	<object>
		<name>circle</name>
		<pose>Unspecified</pose>
		<truncated>0</truncated>
		<difficult>0</difficult>
		<bndbox>
			<xmin>1157</xmin>
			<ymin>2259</ymin>
			<xmax>1726</xmax>
			<ymax>2722</ymax>
		</bndbox>
	</object>
	<object>
		<name>circle</name>
		<pose>Unspecified</pose>
		<truncated>0</truncated>
		<difficult>0</difficult>
		<bndbox>
			<xmin>1807</xmin>
			<ymin>2209</ymin>
			<xmax>2351</xmax>
			<ymax>2631</ymax>
		</bndbox>
	</object>
	<object>
		<name>circle</name>
		<pose>Unspecified</pose>
		<truncated>0</truncated>
		<difficult>0</difficult>
		<bndbox>
			<xmin>1648</xmin>
			<ymin>1687</ymin>
			<xmax>2188</xmax>
			<ymax>1997</ymax>
		</bndbox>
	</object>
	<object>
		<name>circle</name>
		<pose>Unspecified</pose>
		<truncated>0</truncated>
		<difficult>0</difficult>
		<bndbox>
			<xmin>1679</xmin>
			<ymin>1306</ymin>
			<xmax>2226</xmax>
			<ymax>1631</ymax>
		</bndbox>
	</object>
	<object>
		<name>circle</name>
		<pose>Unspecified</pose>
		<truncated>0</truncated>
		<difficult>0</difficult>
		<bndbox>
			<xmin>2326</xmin>
			<ymin>1256</ymin>
			<xmax>2748</xmax>
			<ymax>1553</ymax>
		</bndbox>
	</object>
	<object>
		<name>circle</name>
		<pose>Unspecified</pose>
		<truncated>0</truncated>
		<difficult>0</difficult>
		<bndbox>
			<xmin>2307</xmin>
			<ymin>1647</ymin>
			<xmax>2813</xmax>
			<ymax>2019</ymax>
		</bndbox>
	</object>
	<object>
		<name>circle</name>
		<pose>Unspecified</pose>
		<truncated>0</truncated>
		<difficult>0</difficult>
		<bndbox>
			<xmin>2435</xmin>
			<ymin>2119</ymin>
			<xmax>2841</xmax>
			<ymax>2525</ymax>
		</bndbox>
	</object>
	<object>
		<name>circle</name>
		<pose>Unspecified</pose>
		<truncated>0</truncated>
		<difficult>0</difficult>
		<bndbox>
			<xmin>3041</xmin>
			<ymin>2028</ymin>
			<xmax>3360</xmax>
			<ymax>2347</ymax>
		</bndbox>
	</object>
	<object>
		<name>circle</name>
		<pose>Unspecified</pose>
		<truncated>0</truncated>
		<difficult>0</difficult>
		<bndbox>
			<xmin>2916</xmin>
			<ymin>1600</ymin>
			<xmax>3351</xmax>
			<ymax>1984</ymax>
		</bndbox>
	</object>
	<object>
		<name>circle</name>
		<pose>Unspecified</pose>
		<truncated>0</truncated>
		<difficult>0</difficult>
		<bndbox>
			<xmin>2804</xmin>
			<ymin>1231</ymin>
			<xmax>3223</xmax>
			<ymax>1562</ymax>
		</bndbox>
	</object>
	<object>
		<name>circle</name>
		<pose>Unspecified</pose>
		<truncated>0</truncated>
		<difficult>0</difficult>
		<bndbox>
			<xmin>3307</xmin>
			<ymin>1297</ymin>
			<xmax>3654</xmax>
			<ymax>1525</ymax>
		</bndbox>
	</object>
	<object>
		<name>circle</name>
		<pose>Unspecified</pose>
		<truncated>0</truncated>
		<difficult>0</difficult>
		<bndbox>
			<xmin>3366</xmin>
			<ymin>1537</ymin>
			<xmax>3679</xmax>
			<ymax>1850</ymax>
		</bndbox>
	</object>
	<object>
		<name>circle</name>
		<pose>Unspecified</pose>
		<truncated>0</truncated>
		<difficult>0</difficult>
		<bndbox>
			<xmin>3363</xmin>
			<ymin>1875</ymin>
			<xmax>3732</xmax>
			<ymax>2300</ymax>
		</bndbox>
	</object>
</annotation>
