<annotation>
	<folder>images</folder>
	<filename>GOPR1089.JPG</filename>
	<path>D:\sync\TicTacToe\images\GOPR1089.JPG</path>
	<source>
		<database>Unknown</database>
	</source>
	<size>
		<width>4000</width>
		<height>3000</height>
		<depth>3</depth>
	</size>
	<segmented>0</segmented>
	<object>
		<name>speeldveld</name>
		<pose>Unspecified</pose>
		<truncated>0</truncated>
		<difficult>0</difficult>
		<bndbox>
			<xmin>588</xmin>
			<ymin>441</ymin>
			<xmax>1573</xmax>
			<ymax>1269</ymax>
		</bndbox>
	</object>
	<object>
		<name>speeldveld</name>
		<pose>Unspecified</pose>
		<truncated>0</truncated>
		<difficult>0</difficult>
		<bndbox>
			<xmin>1932</xmin>
			<ymin>625</ymin>
			<xmax>2729</xmax>
			<ymax>1306</ymax>
		</bndbox>
	</object>
	<object>
		<name>speeldveld</name>
		<pose>Unspecified</pose>
		<truncated>0</truncated>
		<difficult>0</difficult>
		<bndbox>
			<xmin>2873</xmin>
			<ymin>650</ymin>
			<xmax>3526</xmax>
			<ymax>1225</ymax>
		</bndbox>
	</object>
	<object>
		<name>speeldveld</name>
		<pose>Unspecified</pose>
		<truncated>0</truncated>
		<difficult>0</difficult>
		<bndbox>
			<xmin>2848</xmin>
			<ymin>1503</ymin>
			<xmax>3688</xmax>
			<ymax>2312</ymax>
		</bndbox>
	</object>
	<object>
		<name>speeldveld</name>
		<pose>Unspecified</pose>
		<truncated>0</truncated>
		<difficult>0</difficult>
		<bndbox>
			<xmin>2095</xmin>
			<ymin>1706</ymin>
			<xmax>2826</xmax>
			<ymax>2416</ymax>
		</bndbox>
	</object>
	<object>
		<name>speeldveld</name>
		<pose>Unspecified</pose>
		<truncated>0</truncated>
		<difficult>0</difficult>
		<bndbox>
			<xmin>979</xmin>
			<ymin>1853</ymin>
			<xmax>1807</xmax>
			<ymax>2731</ymax>
		</bndbox>
	</object>
</annotation>
