<annotation>
	<folder>images</folder>
	<filename>GOPR1093.JPG</filename>
	<path>D:\sync\TicTacToe\images\GOPR1093.JPG</path>
	<source>
		<database>Unknown</database>
	</source>
	<size>
		<width>4000</width>
		<height>3000</height>
		<depth>3</depth>
	</size>
	<segmented>0</segmented>
	<object>
		<name>circle</name>
		<pose>Unspecified</pose>
		<truncated>0</truncated>
		<difficult>0</difficult>
		<bndbox>
			<xmin>1651</xmin>
			<ymin>709</ymin>
			<xmax>2088</xmax>
			<ymax>1009</ymax>
		</bndbox>
	</object>
	<object>
		<name>circle</name>
		<pose>Unspecified</pose>
		<truncated>0</truncated>
		<difficult>0</difficult>
		<bndbox>
			<xmin>2098</xmin>
			<ymin>603</ymin>
			<xmax>2504</xmax>
			<ymax>859</ymax>
		</bndbox>
	</object>
	<object>
		<name>circle</name>
		<pose>Unspecified</pose>
		<truncated>0</truncated>
		<difficult>0</difficult>
		<bndbox>
			<xmin>2163</xmin>
			<ymin>1156</ymin>
			<xmax>2707</xmax>
			<ymax>1675</ymax>
		</bndbox>
	</object>
	<object>
		<name>circle</name>
		<pose>Unspecified</pose>
		<truncated>0</truncated>
		<difficult>0</difficult>
		<bndbox>
			<xmin>2776</xmin>
			<ymin>1244</ymin>
			<xmax>3179</xmax>
			<ymax>1591</ymax>
		</bndbox>
	</object>
	<object>
		<name>circle</name>
		<pose>Unspecified</pose>
		<truncated>0</truncated>
		<difficult>0</difficult>
		<bndbox>
			<xmin>2807</xmin>
			<ymin>1972</ymin>
			<xmax>3123</xmax>
			<ymax>2247</ymax>
		</bndbox>
	</object>
	<object>
		<name>circle</name>
		<pose>Unspecified</pose>
		<truncated>0</truncated>
		<difficult>0</difficult>
		<bndbox>
			<xmin>1807</xmin>
			<ymin>1987</ymin>
			<xmax>2191</xmax>
			<ymax>2341</ymax>
		</bndbox>
	</object>
	<object>
		<name>cross</name>
		<pose>Unspecified</pose>
		<truncated>0</truncated>
		<difficult>0</difficult>
		<bndbox>
			<xmin>2732</xmin>
			<ymin>700</ymin>
			<xmax>3120</xmax>
			<ymax>928</ymax>
		</bndbox>
	</object>
	<object>
		<name>cross</name>
		<pose>Unspecified</pose>
		<truncated>0</truncated>
		<difficult>0</difficult>
		<bndbox>
			<xmin>1701</xmin>
			<ymin>1303</ymin>
			<xmax>2113</xmax>
			<ymax>1703</ymax>
		</bndbox>
	</object>
	<object>
		<name>cross</name>
		<pose>Unspecified</pose>
		<truncated>0</truncated>
		<difficult>0</difficult>
		<bndbox>
			<xmin>2338</xmin>
			<ymin>1941</ymin>
			<xmax>2710</xmax>
			<ymax>2353</ymax>
		</bndbox>
	</object>
	<object>
		<name>speeldveld</name>
		<pose>Unspecified</pose>
		<truncated>0</truncated>
		<difficult>0</difficult>
		<bndbox>
			<xmin>1573</xmin>
			<ymin>534</ymin>
			<xmax>3304</xmax>
			<ymax>2497</ymax>
		</bndbox>
	</object>
</annotation>
