<annotation>
	<folder>images</folder>
	<filename>GOPR1081.JPG</filename>
	<path>D:\sync\TicTacToe\images\GOPR1081.JPG</path>
	<source>
		<database>Unknown</database>
	</source>
	<size>
		<width>4000</width>
		<height>3000</height>
		<depth>3</depth>
	</size>
	<segmented>0</segmented>
	<object>
		<name>speeldveld</name>
		<pose>Unspecified</pose>
		<truncated>0</truncated>
		<difficult>0</difficult>
		<bndbox>
			<xmin>241</xmin>
			<ymin>716</ymin>
			<xmax>1304</xmax>
			<ymax>1684</ymax>
		</bndbox>
	</object>
	<object>
		<name>speeldveld</name>
		<pose>Unspecified</pose>
		<truncated>0</truncated>
		<difficult>0</difficult>
		<bndbox>
			<xmin>1348</xmin>
			<ymin>784</ymin>
			<xmax>2401</xmax>
			<ymax>1669</ymax>
		</bndbox>
	</object>
	<object>
		<name>speeldveld</name>
		<pose>Unspecified</pose>
		<truncated>0</truncated>
		<difficult>0</difficult>
		<bndbox>
			<xmin>2407</xmin>
			<ymin>734</ymin>
			<xmax>3160</xmax>
			<ymax>1672</ymax>
		</bndbox>
	</object>
	<object>
		<name>speeldveld</name>
		<pose>Unspecified</pose>
		<truncated>0</truncated>
		<difficult>0</difficult>
		<bndbox>
			<xmin>2504</xmin>
			<ymin>1691</ymin>
			<xmax>3357</xmax>
			<ymax>2628</ymax>
		</bndbox>
	</object>
	<object>
		<name>speeldveld</name>
		<pose>Unspecified</pose>
		<truncated>0</truncated>
		<difficult>0</difficult>
		<bndbox>
			<xmin>1585</xmin>
			<ymin>1703</ymin>
			<xmax>2473</xmax>
			<ymax>2631</ymax>
		</bndbox>
	</object>
	<object>
		<name>speeldveld</name>
		<pose>Unspecified</pose>
		<truncated>0</truncated>
		<difficult>0</difficult>
		<bndbox>
			<xmin>410</xmin>
			<ymin>1750</ymin>
			<xmax>1401</xmax>
			<ymax>2672</ymax>
		</bndbox>
	</object>
</annotation>
