<annotation>
	<folder>images</folder>
	<filename>IMG_0248.JPEG</filename>
	<path>D:\sync\TicTacToe\images\IMG_0248.JPEG</path>
	<source>
		<database>Unknown</database>
	</source>
	<size>
		<width>1536</width>
		<height>2048</height>
		<depth>3</depth>
	</size>
	<segmented>0</segmented>
	<object>
		<name>whiteboard</name>
		<pose>Unspecified</pose>
		<truncated>1</truncated>
		<difficult>0</difficult>
		<bndbox>
			<xmin>48</xmin>
			<ymin>66</ymin>
			<xmax>1175</xmax>
			<ymax>2048</ymax>
		</bndbox>
	</object>
</annotation>
