<annotation>
	<folder>images</folder>
	<filename>IMG_0251.JPEG</filename>
	<path>D:\sync\TicTacToe\images\IMG_0251.JPEG</path>
	<source>
		<database>Unknown</database>
	</source>
	<size>
		<width>2048</width>
		<height>1536</height>
		<depth>3</depth>
	</size>
	<segmented>0</segmented>
	<object>
		<name>whiteboard</name>
		<pose>Unspecified</pose>
		<truncated>1</truncated>
		<difficult>0</difficult>
		<bndbox>
			<xmin>239</xmin>
			<ymin>481</ymin>
			<xmax>2048</xmax>
			<ymax>1531</ymax>
		</bndbox>
	</object>
</annotation>
