<annotation>
	<folder>images</folder>
	<filename>IMG_0270.JPEG</filename>
	<path>D:\sync\TicTacToe\images\IMG_0270.JPEG</path>
	<source>
		<database>Unknown</database>
	</source>
	<size>
		<width>2048</width>
		<height>1536</height>
		<depth>3</depth>
	</size>
	<segmented>0</segmented>
	<object>
		<name>circle</name>
		<pose>Unspecified</pose>
		<truncated>0</truncated>
		<difficult>0</difficult>
		<bndbox>
			<xmin>891</xmin>
			<ymin>362</ymin>
			<xmax>1613</xmax>
			<ymax>1334</ymax>
		</bndbox>
	</object>
</annotation>
