<annotation>
	<folder>images</folder>
	<filename>IMG_0272.JPG</filename>
	<path>D:\sync\TicTacToe\images\IMG_0272.JPG</path>
	<source>
		<database>Unknown</database>
	</source>
	<size>
		<width>4032</width>
		<height>3024</height>
		<depth>3</depth>
	</size>
	<segmented>0</segmented>
	<object>
		<name>circle</name>
		<pose>Unspecified</pose>
		<truncated>0</truncated>
		<difficult>0</difficult>
		<bndbox>
			<xmin>1551</xmin>
			<ymin>787</ymin>
			<xmax>2804</xmax>
			<ymax>2365</ymax>
		</bndbox>
	</object>
</annotation>
