<annotation>
	<folder>images</folder>
	<filename>IMG_0224.JPEG</filename>
	<path>D:\sync\TicTacToe\images\IMG_0224.JPEG</path>
	<source>
		<database>Unknown</database>
	</source>
	<size>
		<width>1536</width>
		<height>2048</height>
		<depth>3</depth>
	</size>
	<segmented>0</segmented>
	<object>
		<name>cross</name>
		<pose>Unspecified</pose>
		<truncated>1</truncated>
		<difficult>0</difficult>
		<bndbox>
			<xmin>1</xmin>
			<ymin>374</ymin>
			<xmax>1192</xmax>
			<ymax>1351</ymax>
		</bndbox>
	</object>
</annotation>
