<annotation>
	<folder>images</folder>
	<filename>IMG_0317.JPEG</filename>
	<path>D:\sync\TicTacToe\images\IMG_0317.JPEG</path>
	<source>
		<database>Unknown</database>
	</source>
	<size>
		<width>1536</width>
		<height>2048</height>
		<depth>3</depth>
	</size>
	<segmented>0</segmented>
	<object>
		<name>circle</name>
		<pose>Unspecified</pose>
		<truncated>0</truncated>
		<difficult>0</difficult>
		<bndbox>
			<xmin>488</xmin>
			<ymin>485</ymin>
			<xmax>1213</xmax>
			<ymax>1096</ymax>
		</bndbox>
	</object>
</annotation>
