<annotation>
	<folder>images</folder>
	<filename>IMG_0260.JPEG</filename>
	<path>D:\sync\TicTacToe\images\IMG_0260.JPEG</path>
	<source>
		<database>Unknown</database>
	</source>
	<size>
		<width>2048</width>
		<height>1536</height>
		<depth>3</depth>
	</size>
	<segmented>0</segmented>
	<object>
		<name>circle</name>
		<pose>Unspecified</pose>
		<truncated>0</truncated>
		<difficult>0</difficult>
		<bndbox>
			<xmin>325</xmin>
			<ymin>321</ymin>
			<xmax>1653</xmax>
			<ymax>1356</ymax>
		</bndbox>
	</object>
</annotation>
