<annotation>
	<folder>images</folder>
	<filename>IMG_0345.JPEG</filename>
	<path>D:\sync\TicTacToe\images\IMG_0345.JPEG</path>
	<source>
		<database>Unknown</database>
	</source>
	<size>
		<width>1536</width>
		<height>2048</height>
		<depth>3</depth>
	</size>
	<segmented>0</segmented>
	<object>
		<name>circle</name>
		<pose>Unspecified</pose>
		<truncated>0</truncated>
		<difficult>0</difficult>
		<bndbox>
			<xmin>426</xmin>
			<ymin>615</ymin>
			<xmax>1337</xmax>
			<ymax>1123</ymax>
		</bndbox>
	</object>
	<object>
		<name>circle</name>
		<pose>Unspecified</pose>
		<truncated>0</truncated>
		<difficult>0</difficult>
		<bndbox>
			<xmin>696</xmin>
			<ymin>1496</ymin>
			<xmax>1490</xmax>
			<ymax>2008</ymax>
		</bndbox>
	</object>
</annotation>
